id,from,to,open,close,low,high,volume,asset,timeframe
0,1742412357,1742412417,1.1,1.098,1.0970000000000002,1.101,100,EURUSD,60
1,1742412297,1742412357,1.101,1.101,1.1,1.1019999999999999,110,EURUSD,60
2,1742412237,1742412297,1.102,1.104,1.1010000000000002,1.105,120,EURUSD,60
3,1742412177,1742412237,1.103,1.101,1.1,1.1039999999999999,130,EURUSD,60
4,1742412117,1742412177,1.104,1.104,1.1030000000000002,1.105,140,EURUSD,60
5,1742412057,1742412117,1.105,1.107,1.104,1.1079999999999999,150,EURUSD,60
6,1742411997,1742412057,1.106,1.104,1.1030000000000002,1.107,160,EURUSD,60
7,1742411937,1742411997,1.107,1.107,1.106,1.1079999999999999,170,EURUSD,60
8,1742411877,1742411937,1.108,1.11,1.1070000000000002,1.111,180,EURUSD,60
9,1742411817,1742411877,1.109,1.107,1.106,1.1099999999999999,190,EURUSD,60
10,1742411757,1742411817,1.11,1.11,1.1090000000000002,1.111,200,EURUSD,60
11,1742411697,1742411757,1.111,1.113,1.11,1.1139999999999999,210,EURUSD,60
12,1742411637,1742411697,1.112,1.11,1.1090000000000002,1.113,220,EURUSD,60
13,1742411577,1742411637,1.113,1.113,1.112,1.1139999999999999,230,EURUSD,60
14,1742411517,1742411577,1.114,1.116,1.1130000000000002,1.117,240,EURUSD,60
15,1742411457,1742411517,1.115,1.113,1.112,1.1159999999999999,250,EURUSD,60
16,1742411397,1742411457,1.116,1.116,1.1150000000000002,1.117,260,EURUSD,60
17,1742411337,1742411397,1.117,1.119,1.116,1.1199999999999999,270,EURUSD,60
18,1742411277,1742411337,1.118,1.116,1.1150000000000002,1.119,280,EURUSD,60
19,1742411217,1742411277,1.119,1.119,1.118,1.1199999999999999,290,EURUSD,60
20,1742411157,1742411217,1.12,1.122,1.1190000000000002,1.123,300,EURUSD,60
21,1742411097,1742411157,1.121,1.119,1.118,1.1219999999999999,310,EURUSD,60
22,1742411037,1742411097,1.122,1.122,1.1210000000000002,1.123,320,EURUSD,60
23,1742410977,1742411037,1.123,1.125,1.122,1.126,330,EURUSD,60
24,1742410917,1742410977,1.124,1.122,1.1210000000000002,1.125,340,EURUSD,60
25,1742410857,1742410917,1.125,1.125,1.124,1.126,350,EURUSD,60
26,1742410797,1742410857,1.1260000000000001,1.1280000000000001,1.1250000000000002,1.129,360,EURUSD,60
27,1742410737,1742410797,1.127,1.125,1.124,1.128,370,EURUSD,60
28,1742410677,1742410737,1.1280000000000001,1.1280000000000001,1.1270000000000002,1.129,380,EURUSD,60
29,1742410617,1742410677,1.129,1.131,1.1280000000000001,1.132,390,EURUSD,60
30,1742410557,1742410617,1.1300000000000001,1.1280000000000001,1.1270000000000002,1.131,400,EURUSD,60
31,1742410497,1742410557,1.131,1.131,1.1300000000000001,1.132,410,EURUSD,60
32,1742410437,1742410497,1.1320000000000001,1.1340000000000001,1.1310000000000002,1.135,420,EURUSD,60
33,1742410377,1742410437,1.133,1.131,1.1300000000000001,1.134,430,EURUSD,60
34,1742410317,1742410377,1.1340000000000001,1.1340000000000001,1.1330000000000002,1.135,440,EURUSD,60
35,1742410257,1742410317,1.135,1.137,1.1340000000000001,1.138,450,EURUSD,60
36,1742410197,1742410257,1.1360000000000001,1.1340000000000001,1.1330000000000002,1.137,460,EURUSD,60
37,1742410137,1742410197,1.137,1.137,1.1360000000000001,1.138,470,EURUSD,60
38,1742410077,1742410137,1.1380000000000001,1.1400000000000001,1.1370000000000002,1.141,480,EURUSD,60
39,1742410017,1742410077,1.139,1.137,1.1360000000000001,1.14,490,EURUSD,60
40,1742409957,1742410017,1.1400000000000001,1.1400000000000001,1.1390000000000002,1.141,500,EURUSD,60
41,1742409897,1742409957,1.141,1.143,1.1400000000000001,1.144,510,EURUSD,60
42,1742409837,1742409897,1.1420000000000001,1.1400000000000001,1.1390000000000002,1.143,520,EURUSD,60
43,1742409777,1742409837,1.143,1.143,1.1420000000000001,1.144,530,EURUSD,60
44,1742409717,1742409777,1.1440000000000001,1.1460000000000001,1.1430000000000002,1.147,540,EURUSD,60
45,1742409657,1742409717,1.145,1.143,1.1420000000000001,1.146,550,EURUSD,60
46,1742409597,1742409657,1.1460000000000001,1.1460000000000001,1.1450000000000002,1.147,560,EURUSD,60
47,1742409537,1742409597,1.147,1.149,1.1460000000000001,1.15,570,EURUSD,60
48,1742409477,1742409537,1.1480000000000001,1.1460000000000001,1.1450000000000002,1.149,580,EURUSD,60
49,1742409417,1742409477,1.149,1.149,1.1480000000000001,1.15,590,EURUSD,60
50,1742409357,1742409417,1.1500000000000001,1.1520000000000001,1.1490000000000002,1.153,600,EURUSD,60
51,1742409297,1742409357,1.151,1.149,1.1480000000000001,1.152,610,EURUSD,60
52,1742409237,1742409297,1.1520000000000001,1.1520000000000001,1.1510000000000002,1.153,620,EURUSD,60
53,1742409177,1742409237,1.153,1.155,1.1520000000000001,1.156,630,EURUSD,60
54,1742409117,1742409177,1.1540000000000001,1.1520000000000001,1.1510000000000002,1.155,640,EURUSD,60
55,1742409057,1742409117,1.155,1.155,1.1540000000000001,1.156,650,EURUSD,60
56,1742408997,1742409057,1.1560000000000001,1.1580000000000001,1.1550000000000002,1.159,660,EURUSD,60
57,1742408937,1742408997,1.157,1.155,1.1540000000000001,1.158,670,EURUSD,60
58,1742408877,1742408937,1.1580000000000001,1.1580000000000001,1.1570000000000003,1.159,680,EURUSD,60
59,1742408817,1742408877,1.159,1.161,1.1580000000000001,1.162,690,EURUSD,60
60,1742408757,1742408817,1.1600000000000001,1.1580000000000001,1.1570000000000003,1.161,700,EURUSD,60
61,1742408697,1742408757,1.161,1.161,1.1600000000000001,1.162,710,EURUSD,60
62,1742408637,1742408697,1.1620000000000001,1.1640000000000001,1.1610000000000003,1.165,720,EURUSD,60
63,1742408577,1742408637,1.163,1.161,1.1600000000000001,1.164,730,EURUSD,60
64,1742408517,1742408577,1.1640000000000001,1.1640000000000001,1.1630000000000003,1.165,740,EURUSD,60
65,1742408457,1742408517,1.165,1.167,1.1640000000000001,1.168,750,EURUSD,60
66,1742408397,1742408457,1.1660000000000001,1.1640000000000001,1.1630000000000003,1.167,760,EURUSD,60
67,1742408337,1742408397,1.167,1.167,1.1660000000000001,1.168,770,EURUSD,60
68,1742408277,1742408337,1.1680000000000001,1.1700000000000002,1.1670000000000003,1.171,780,EURUSD,60
69,1742408217,1742408277,1.169,1.167,1.1660000000000001,1.17,790,EURUSD,60
70,1742408157,1742408217,1.1700000000000002,1.1700000000000002,1.1690000000000003,1.171,800,EURUSD,60
71,1742408097,1742408157,1.171,1.173,1.1700000000000002,1.174,810,EURUSD,60
72,1742408037,1742408097,1.1720000000000002,1.1700000000000002,1.1690000000000003,1.173,820,EURUSD,60
73,1742407977,1742408037,1.173,1.173,1.1720000000000002,1.174,830,EURUSD,60
74,1742407917,1742407977,1.1740000000000002,1.1760000000000002,1.1730000000000003,1.177,840,EURUSD,60
75,1742407857,1742407917,1.175,1.173,1.1720000000000002,1.176,850,EURUSD,60
76,1742407797,1742407857,1.1760000000000002,1.1760000000000002,1.1750000000000003,1.177,860,EURUSD,60
77,1742407737,1742407797,1.177,1.179,1.1760000000000002,1.18,870,EURUSD,60
78,1742407677,1742407737,1.1780000000000002,1.1760000000000002,1.1750000000000003,1.179,880,EURUSD,60
79,1742407617,1742407677,1.179,1.179,1.1780000000000002,1.18,890,EURUSD,60
80,1742407557,1742407617,1.1800000000000002,1.1820000000000002,1.1790000000000003,1.183,900,EURUSD,60
81,1742407497,1742407557,1.181,1.179,1.1780000000000002,1.182,910,EURUSD,60
82,1742407437,1742407497,1.1820000000000002,1.1820000000000002,1.1810000000000003,1.183,920,EURUSD,60
83,1742407377,1742407437,1.183,1.185,1.1820000000000002,1.186,930,EURUSD,60
84,1742407317,1742407377,1.1840000000000002,1.1820000000000002,1.1810000000000003,1.185,940,EURUSD,60
85,1742407257,1742407317,1.185,1.185,1.1840000000000002,1.186,950,EURUSD,60
86,1742407197,1742407257,1.1860000000000002,1.1880000000000002,1.1850000000000003,1.189,960,EURUSD,60
87,1742407137,1742407197,1.187,1.185,1.1840000000000002,1.188,970,EURUSD,60
88,1742407077,1742407137,1.1880000000000002,1.1880000000000002,1.1870000000000003,1.189,980,EURUSD,60
89,1742407017,1742407077,1.189,1.191,1.1880000000000002,1.192,990,EURUSD,60
90,1742406957,1742407017,1.1900000000000002,1.1880000000000002,1.1870000000000003,1.191,1000,EURUSD,60
91,1742406897,1742406957,1.191,1.191,1.1900000000000002,1.192,1010,EURUSD,60
92,1742406837,1742406897,1.1920000000000002,1.1940000000000002,1.1910000000000003,1.195,1020,EURUSD,60
93,1742406777,1742406837,1.193,1.191,1.1900000000000002,1.194,1030,EURUSD,60
94,1742406717,1742406777,1.1940000000000002,1.1940000000000002,1.1930000000000003,1.195,1040,EURUSD,60
95,1742406657,1742406717,1.195,1.197,1.1940000000000002,1.198,1050,EURUSD,60
96,1742406597,1742406657,1.1960000000000002,1.1940000000000002,1.1930000000000003,1.197,1060,EURUSD,60
97,1742406537,1742406597,1.197,1.197,1.1960000000000002,1.198,1070,EURUSD,60
98,1742406477,1742406537,1.1980000000000002,1.2000000000000002,1.1970000000000003,1.201,1080,EURUSD,60
99,1742406417,1742406477,1.199,1.197,1.1960000000000002,1.2,1090,EURUSD,60
0,1742412357,1742412657,1.1,1.098,1.0970000000000002,1.101,100,EURUSD,300
1,1742412057,1742412357,1.101,1.101,1.1,1.1019999999999999,110,EURUSD,300
2,1742411757,1742412057,1.102,1.104,1.1010000000000002,1.105,120,EURUSD,300
3,1742411457,1742411757,1.103,1.101,1.1,1.1039999999999999,130,EURUSD,300
4,1742411157,1742411457,1.104,1.104,1.1030000000000002,1.105,140,EURUSD,300
5,1742410857,1742411157,1.105,1.107,1.104,1.1079999999999999,150,EURUSD,300
6,1742410557,1742410857,1.106,1.104,1.1030000000000002,1.107,160,EURUSD,300
7,1742410257,1742410557,1.107,1.107,1.106,1.1079999999999999,170,EURUSD,300
8,1742409957,1742410257,1.108,1.11,1.1070000000000002,1.111,180,EURUSD,300
9,1742409657,1742409957,1.109,1.107,1.106,1.1099999999999999,190,EURUSD,300
10,1742409357,1742409657,1.11,1.11,1.1090000000000002,1.111,200,EURUSD,300
11,1742409057,1742409357,1.111,1.113,1.11,1.1139999999999999,210,EURUSD,300
12,1742408757,1742409057,1.112,1.11,1.1090000000000002,1.113,220,EURUSD,300
13,1742408457,1742408757,1.113,1.113,1.112,1.1139999999999999,230,EURUSD,300
14,1742408157,1742408457,1.114,1.116,1.1130000000000002,1.117,240,EURUSD,300
15,1742407857,1742408157,1.115,1.113,1.112,1.1159999999999999,250,EURUSD,300
16,1742407557,1742407857,1.116,1.116,1.1150000000000002,1.117,260,EURUSD,300
17,1742407257,1742407557,1.117,1.119,1.116,1.1199999999999999,270,EURUSD,300
18,1742406957,1742407257,1.118,1.116,1.1150000000000002,1.119,280,EURUSD,300
19,1742406657,1742406957,1.119,1.119,1.118,1.1199999999999999,290,EURUSD,300
20,1742406357,1742406657,1.12,1.122,1.1190000000000002,1.123,300,EURUSD,300
21,1742406057,1742406357,1.121,1.119,1.118,1.1219999999999999,310,EURUSD,300
22,1742405757,1742406057,1.122,1.122,1.1210000000000002,1.123,320,EURUSD,300
23,1742405457,1742405757,1.123,1.125,1.122,1.126,330,EURUSD,300
24,1742405157,1742405457,1.124,1.122,1.1210000000000002,1.125,340,EURUSD,300
25,1742404857,1742405157,1.125,1.125,1.124,1.126,350,EURUSD,300
26,1742404557,1742404857,1.1260000000000001,1.1280000000000001,1.1250000000000002,1.129,360,EURUSD,300
27,1742404257,1742404557,1.127,1.125,1.124,1.128,370,EURUSD,300
28,1742403957,1742404257,1.1280000000000001,1.1280000000000001,1.1270000000000002,1.129,380,EURUSD,300
29,1742403657,1742403957,1.129,1.131,1.1280000000000001,1.132,390,EURUSD,300
30,1742403357,1742403657,1.1300000000000001,1.1280000000000001,1.1270000000000002,1.131,400,EURUSD,300
31,1742403057,1742403357,1.131,1.131,1.1300000000000001,1.132,410,EURUSD,300
32,1742402757,1742403057,1.1320000000000001,1.1340000000000001,1.1310000000000002,1.135,420,EURUSD,300
33,1742402457,1742402757,1.133,1.131,1.1300000000000001,1.134,430,EURUSD,300
34,1742402157,1742402457,1.1340000000000001,1.1340000000000001,1.1330000000000002,1.135,440,EURUSD,300
35,1742401857,1742402157,1.135,1.137,1.1340000000000001,1.138,450,EURUSD,300
36,1742401557,1742401857,1.1360000000000001,1.1340000000000001,1.1330000000000002,1.137,460,EURUSD,300
37,1742401257,1742401557,1.137,1.137,1.1360000000000001,1.138,470,EURUSD,300
38,1742400957,1742401257,1.1380000000000001,1.1400000000000001,1.1370000000000002,1.141,480,EURUSD,300
39,1742400657,1742400957,1.139,1.137,1.1360000000000001,1.14,490,EURUSD,300
40,1742400357,1742400657,1.1400000000000001,1.1400000000000001,1.1390000000000002,1.141,500,EURUSD,300
41,1742400057,1742400357,1.141,1.143,1.1400000000000001,1.144,510,EURUSD,300
42,1742399757,1742400057,1.1420000000000001,1.1400000000000001,1.1390000000000002,1.143,520,EURUSD,300
43,1742399457,1742399757,1.143,1.143,1.1420000000000001,1.144,530,EURUSD,300
44,1742399157,1742399457,1.1440000000000001,1.1460000000000001,1.1430000000000002,1.147,540,EURUSD,300
45,1742398857,1742399157,1.145,1.143,1.1420000000000001,1.146,550,EURUSD,300
46,1742398557,1742398857,1.1460000000000001,1.1460000000000001,1.1450000000000002,1.147,560,EURUSD,300
47,1742398257,1742398557,1.147,1.149,1.1460000000000001,1.15,570,EURUSD,300
48,1742397957,1742398257,1.1480000000000001,1.1460000000000001,1.1450000000000002,1.149,580,EURUSD,300
49,1742397657,1742397957,1.149,1.149,1.1480000000000001,1.15,590,EURUSD,300
50,1742397357,1742397657,1.1500000000000001,1.1520000000000001,1.1490000000000002,1.153,600,EURUSD,300
51,1742397057,1742397357,1.151,1.149,1.1480000000000001,1.152,610,EURUSD,300
52,1742396757,1742397057,1.1520000000000001,1.1520000000000001,1.1510000000000002,1.153,620,EURUSD,300
53,1742396457,1742396757,1.153,1.155,1.1520000000000001,1.156,630,EURUSD,300
54,1742396157,1742396457,1.1540000000000001,1.1520000000000001,1.1510000000000002,1.155,640,EURUSD,300
55,1742395857,1742396157,1.155,1.155,1.1540000000000001,1.156,650,EURUSD,300
56,1742395557,1742395857,1.1560000000000001,1.1580000000000001,1.1550000000000002,1.159,660,EURUSD,300
57,1742395257,1742395557,1.157,1.155,1.1540000000000001,1.158,670,EURUSD,300
58,1742394957,1742395257,1.1580000000000001,1.1580000000000001,1.1570000000000003,1.159,680,EURUSD,300
59,1742394657,1742394957,1.159,1.161,1.1580000000000001,1.162,690,EURUSD,300
60,1742394357,1742394657,1.1600000000000001,1.1580000000000001,1.1570000000000003,1.161,700,EURUSD,300
61,1742394057,1742394357,1.161,1.161,1.1600000000000001,1.162,710,EURUSD,300
62,1742393757,1742394057,1.1620000000000001,1.1640000000000001,1.1610000000000003,1.165,720,EURUSD,300
63,1742393457,1742393757,1.163,1.161,1.1600000000000001,1.164,730,EURUSD,300
64,1742393157,1742393457,1.1640000000000001,1.1640000000000001,1.1630000000000003,1.165,740,EURUSD,300
65,1742392857,1742393157,1.165,1.167,1.1640000000000001,1.168,750,EURUSD,300
66,1742392557,1742392857,1.1660000000000001,1.1640000000000001,1.1630000000000003,1.167,760,EURUSD,300
67,1742392257,1742392557,1.167,1.167,1.1660000000000001,1.168,770,EURUSD,300
68,1742391957,1742392257,1.1680000000000001,1.1700000000000002,1.1670000000000003,1.171,780,EURUSD,300
69,1742391657,1742391957,1.169,1.167,1.1660000000000001,1.17,790,EURUSD,300
70,1742391357,1742391657,1.1700000000000002,1.1700000000000002,1.1690000000000003,1.171,800,EURUSD,300
71,1742391057,1742391357,1.171,1.173,1.1700000000000002,1.174,810,EURUSD,300
72,1742390757,1742391057,1.1720000000000002,1.1700000000000002,1.1690000000000003,1.173,820,EURUSD,300
73,1742390457,1742390757,1.173,1.173,1.1720000000000002,1.174,830,EURUSD,300
74,1742390157,1742390457,1.1740000000000002,1.1760000000000002,1.1730000000000003,1.177,840,EURUSD,300
75,1742389857,1742390157,1.175,1.173,1.1720000000000002,1.176,850,EURUSD,300
76,1742389557,1742389857,1.1760000000000002,1.1760000000000002,1.1750000000000003,1.177,860,EURUSD,300
77,1742389257,1742389557,1.177,1.179,1.1760000000000002,1.18,870,EURUSD,300
78,1742388957,1742389257,1.1780000000000002,1.1760000000000002,1.1750000000000003,1.179,880,EURUSD,300
79,1742388657,1742388957,1.179,1.179,1.1780000000000002,1.18,890,EURUSD,300
80,1742388357,1742388657,1.1800000000000002,1.1820000000000002,1.1790000000000003,1.183,900,EURUSD,300
81,1742388057,1742388357,1.181,1.179,1.1780000000000002,1.182,910,EURUSD,300
82,1742387757,1742388057,1.1820000000000002,1.1820000000000002,1.1810000000000003,1.183,920,EURUSD,300
83,1742387457,1742387757,1.183,1.185,1.1820000000000002,1.186,930,EURUSD,300
84,1742387157,1742387457,1.1840000000000002,1.1820000000000002,1.1810000000000003,1.185,940,EURUSD,300
85,1742386857,1742387157,1.185,1.185,1.1840000000000002,1.186,950,EURUSD,300
86,1742386557,1742386857,1.1860000000000002,1.1880000000000002,1.1850000000000003,1.189,960,EURUSD,300
87,1742386257,1742386557,1.187,1.185,1.1840000000000002,1.188,970,EURUSD,300
88,1742385957,1742386257,1.1880000000000002,1.1880000000000002,1.1870000000000003,1.189,980,EURUSD,300
89,1742385657,1742385957,1.189,1.191,1.1880000000000002,1.192,990,EURUSD,300
90,1742385357,1742385657,1.1900000000000002,1.1880000000000002,1.1870000000000003,1.191,1000,EURUSD,300
91,1742385057,1742385357,1.191,1.191,1.1900000000000002,1.192,1010,EURUSD,300
92,1742384757,1742385057,1.1920000000000002,1.1940000000000002,1.1910000000000003,1.195,1020,EURUSD,300
93,1742384457,1742384757,1.193,1.191,1.1900000000000002,1.194,1030,EURUSD,300
94,1742384157,1742384457,1.1940000000000002,1.1940000000000002,1.1930000000000003,1.195,1040,EURUSD,300
95,1742383857,1742384157,1.195,1.197,1.1940000000000002,1.198,1050,EURUSD,300
96,1742383557,1742383857,1.1960000000000002,1.1940000000000002,1.1930000000000003,1.197,1060,EURUSD,300
97,1742383257,1742383557,1.197,1.197,1.1960000000000002,1.198,1070,EURUSD,300
98,1742382957,1742383257,1.1980000000000002,1.2000000000000002,1.1970000000000003,1.201,1080,EURUSD,300
99,1742382657,1742382957,1.199,1.197,1.1960000000000002,1.2,1090,EURUSD,300
0,1742412357,1742413257,1.1,1.098,1.0970000000000002,1.101,100,EURUSD,900
1,1742411457,1742412357,1.101,1.101,1.1,1.1019999999999999,110,EURUSD,900
2,1742410557,1742411457,1.102,1.104,1.1010000000000002,1.105,120,EURUSD,900
3,1742409657,1742410557,1.103,1.101,1.1,1.1039999999999999,130,EURUSD,900
4,1742408757,1742409657,1.104,1.104,1.1030000000000002,1.105,140,EURUSD,900
5,1742407857,1742408757,1.105,1.107,1.104,1.1079999999999999,150,EURUSD,900
6,1742406957,1742407857,1.106,1.104,1.1030000000000002,1.107,160,EURUSD,900
7,1742406057,1742406957,1.107,1.107,1.106,1.1079999999999999,170,EURUSD,900
8,1742405157,1742406057,1.108,1.11,1.1070000000000002,1.111,180,EURUSD,900
9,1742404257,1742405157,1.109,1.107,1.106,1.1099999999999999,190,EURUSD,900
10,1742403357,1742404257,1.11,1.11,1.1090000000000002,1.111,200,EURUSD,900
11,1742402457,1742403357,1.111,1.113,1.11,1.1139999999999999,210,EURUSD,900
12,1742401557,1742402457,1.112,1.11,1.1090000000000002,1.113,220,EURUSD,900
13,1742400657,1742401557,1.113,1.113,1.112,1.1139999999999999,230,EURUSD,900
14,1742399757,1742400657,1.114,1.116,1.1130000000000002,1.117,240,EURUSD,900
15,1742398857,1742399757,1.115,1.113,1.112,1.1159999999999999,250,EURUSD,900
16,1742397957,1742398857,1.116,1.116,1.1150000000000002,1.117,260,EURUSD,900
17,1742397057,1742397957,1.117,1.119,1.116,1.1199999999999999,270,EURUSD,900
18,1742396157,1742397057,1.118,1.116,1.1150000000000002,1.119,280,EURUSD,900
19,1742395257,1742396157,1.119,1.119,1.118,1.1199999999999999,290,EURUSD,900
20,1742394357,1742395257,1.12,1.122,1.1190000000000002,1.123,300,EURUSD,900
21,1742393457,1742394357,1.121,1.119,1.118,1.1219999999999999,310,EURUSD,900
22,1742392557,1742393457,1.122,1.122,1.1210000000000002,1.123,320,EURUSD,900
23,1742391657,1742392557,1.123,1.125,1.122,1.126,330,EURUSD,900
24,1742390757,1742391657,1.124,1.122,1.1210000000000002,1.125,340,EURUSD,900
25,1742389857,1742390757,1.125,1.125,1.124,1.126,350,EURUSD,900
26,1742388957,1742389857,1.1260000000000001,1.1280000000000001,1.1250000000000002,1.129,360,EURUSD,900
27,1742388057,1742388957,1.127,1.125,1.124,1.128,370,EURUSD,900
28,1742387157,1742388057,1.1280000000000001,1.1280000000000001,1.1270000000000002,1.129,380,EURUSD,900
29,1742386257,1742387157,1.129,1.131,1.1280000000000001,1.132,390,EURUSD,900
30,1742385357,1742386257,1.1300000000000001,1.1280000000000001,1.1270000000000002,1.131,400,EURUSD,900
31,1742384457,1742385357,1.131,1.131,1.1300000000000001,1.132,410,EURUSD,900
32,1742383557,1742384457,1.1320000000000001,1.1340000000000001,1.1310000000000002,1.135,420,EURUSD,900
33,1742382657,1742383557,1.133,1.131,1.1300000000000001,1.134,430,EURUSD,900
34,1742381757,1742382657,1.1340000000000001,1.1340000000000001,1.1330000000000002,1.135,440,EURUSD,900
35,1742380857,1742381757,1.135,1.137,1.1340000000000001,1.138,450,EURUSD,900
36,1742379957,1742380857,1.1360000000000001,1.1340000000000001,1.1330000000000002,1.137,460,EURUSD,900
37,1742379057,1742379957,1.137,1.137,1.1360000000000001,1.138,470,EURUSD,900
38,1742378157,1742379057,1.1380000000000001,1.1400000000000001,1.1370000000000002,1.141,480,EURUSD,900
39,1742377257,1742378157,1.139,1.137,1.1360000000000001,1.14,490,EURUSD,900
40,1742376357,1742377257,1.1400000000000001,1.1400000000000001,1.1390000000000002,1.141,500,EURUSD,900
41,1742375457,1742376357,1.141,1.143,1.1400000000000001,1.144,510,EURUSD,900
42,1742374557,1742375457,1.1420000000000001,1.1400000000000001,1.1390000000000002,1.143,520,EURUSD,900
43,1742373657,1742374557,1.143,1.143,1.1420000000000001,1.144,530,EURUSD,900
44,1742372757,1742373657,1.1440000000000001,1.1460000000000001,1.1430000000000002,1.147,540,EURUSD,900
45,1742371857,1742372757,1.145,1.143,1.1420000000000001,1.146,550,EURUSD,900
46,1742370957,1742371857,1.1460000000000001,1.1460000000000001,1.1450000000000002,1.147,560,EURUSD,900
47,1742370057,1742370957,1.147,1.149,1.1460000000000001,1.15,570,EURUSD,900
48,1742369157,1742370057,1.1480000000000001,1.1460000000000001,1.1450000000000002,1.149,580,EURUSD,900
49,1742368257,1742369157,1.149,1.149,1.1480000000000001,1.15,590,EURUSD,900
50,1742367357,1742368257,1.1500000000000001,1.1520000000000001,1.1490000000000002,1.153,600,EURUSD,900
51,1742366457,1742367357,1.151,1.149,1.1480000000000001,1.152,610,EURUSD,900
52,1742365557,1742366457,1.1520000000000001,1.1520000000000001,1.1510000000000002,1.153,620,EURUSD,900
53,1742364657,1742365557,1.153,1.155,1.1520000000000001,1.156,630,EURUSD,900
54,1742363757,1742364657,1.1540000000000001,1.1520000000000001,1.1510000000000002,1.155,640,EURUSD,900
55,1742362857,1742363757,1.155,1.155,1.1540000000000001,1.156,650,EURUSD,900
56,1742361957,1742362857,1.1560000000000001,1.1580000000000001,1.1550000000000002,1.159,660,EURUSD,900
57,1742361057,1742361957,1.157,1.155,1.1540000000000001,1.158,670,EURUSD,900
58,1742360157,1742361057,1.1580000000000001,1.1580000000000001,1.1570000000000003,1.159,680,EURUSD,900
59,1742359257,1742360157,1.159,1.161,1.1580000000000001,1.162,690,EURUSD,900
60,1742358357,1742359257,1.1600000000000001,1.1580000000000001,1.1570000000000003,1.161,700,EURUSD,900
61,1742357457,1742358357,1.161,1.161,1.1600000000000001,1.162,710,EURUSD,900
62,1742356557,1742357457,1.1620000000000001,1.1640000000000001,1.1610000000000003,1.165,720,EURUSD,900
63,1742355657,1742356557,1.163,1.161,1.1600000000000001,1.164,730,EURUSD,900
64,1742354757,1742355657,1.1640000000000001,1.1640000000000001,1.1630000000000003,1.165,740,EURUSD,900
65,1742353857,1742354757,1.165,1.167,1.1640000000000001,1.168,750,EURUSD,900
66,1742352957,1742353857,1.1660000000000001,1.1640000000000001,1.1630000000000003,1.167,760,EURUSD,900
67,1742352057,1742352957,1.167,1.167,1.1660000000000001,1.168,770,EURUSD,900
68,1742351157,1742352057,1.1680000000000001,1.1700000000000002,1.1670000000000003,1.171,780,EURUSD,900
69,1742350257,1742351157,1.169,1.167,1.1660000000000001,1.17,790,EURUSD,900
70,1742349357,1742350257,1.1700000000000002,1.1700000000000002,1.1690000000000003,1.171,800,EURUSD,900
71,1742348457,1742349357,1.171,1.173,1.1700000000000002,1.174,810,EURUSD,900
72,1742347557,1742348457,1.1720000000000002,1.1700000000000002,1.1690000000000003,1.173,820,EURUSD,900
73,1742346657,1742347557,1.173,1.173,1.1720000000000002,1.174,830,EURUSD,900
74,1742345757,1742346657,1.1740000000000002,1.1760000000000002,1.1730000000000003,1.177,840,EURUSD,900
75,1742344857,1742345757,1.175,1.173,1.1720000000000002,1.176,850,EURUSD,900
76,1742343957,1742344857,1.1760000000000002,1.1760000000000002,1.1750000000000003,1.177,860,EURUSD,900
77,1742343057,1742343957,1.177,1.179,1.1760000000000002,1.18,870,EURUSD,900
78,1742342157,1742343057,1.1780000000000002,1.1760000000000002,1.1750000000000003,1.179,880,EURUSD,900
79,1742341257,1742342157,1.179,1.179,1.1780000000000002,1.18,890,EURUSD,900
80,1742340357,1742341257,1.1800000000000002,1.1820000000000002,1.1790000000000003,1.183,900,EURUSD,900
81,1742339457,1742340357,1.181,1.179,1.1780000000000002,1.182,910,EURUSD,900
82,1742338557,1742339457,1.1820000000000002,1.1820000000000002,1.1810000000000003,1.183,920,EURUSD,900
83,1742337657,1742338557,1.183,1.185,1.1820000000000002,1.186,930,EURUSD,900
84,1742336757,1742337657,1.1840000000000002,1.1820000000000002,1.1810000000000003,1.185,940,EURUSD,900
85,1742335857,1742336757,1.185,1.185,1.1840000000000002,1.186,950,EURUSD,900
86,1742334957,1742335857,1.1860000000000002,1.1880000000000002,1.1850000000000003,1.189,960,EURUSD,900
87,1742334057,1742334957,1.187,1.185,1.1840000000000002,1.188,970,EURUSD,900
88,1742333157,1742334057,1.1880000000000002,1.1880000000000002,1.1870000000000003,1.189,980,EURUSD,900
89,1742332257,1742333157,1.189,1.191,1.1880000000000002,1.192,990,EURUSD,900
90,1742331357,1742332257,1.1900000000000002,1.1880000000000002,1.1870000000000003,1.191,1000,EURUSD,900
91,1742330457,1742331357,1.191,1.191,1.1900000000000002,1.192,1010,EURUSD,900
92,1742329557,1742330457,1.1920000000000002,1.1940000000000002,1.1910000000000003,1.195,1020,EURUSD,900
93,1742328657,1742329557,1.193,1.191,1.1900000000000002,1.194,1030,EURUSD,900
94,1742327757,1742328657,1.1940000000000002,1.1940000000000002,1.1930000000000003,1.195,1040,EURUSD,900
95,1742326857,1742327757,1.195,1.197,1.1940000000000002,1.198,1050,EURUSD,900
96,1742325957,1742326857,1.1960000000000002,1.1940000000000002,1.1930000000000003,1.197,1060,EURUSD,900
97,1742325057,1742325957,1.197,1.197,1.1960000000000002,1.198,1070,EURUSD,900
98,1742324157,1742325057,1.1980000000000002,1.2000000000000002,1.1970000000000003,1.201,1080,EURUSD,900
99,1742323257,1742324157,1.199,1.197,1.1960000000000002,1.2,1090,EURUSD,900
0,1742412357,1742412417,110.0,109.998,109.997,110.001,100,USDJPY,60
1,1742412297,1742412357,110.001,110.001,110.0,110.00200000000001,110,USDJPY,60
2,1742412237,1742412297,110.002,110.00399999999999,110.00099999999999,110.005,120,USDJPY,60
3,1742412177,1742412237,110.003,110.001,110.0,110.004,130,USDJPY,60
4,1742412117,1742412177,110.004,110.004,110.003,110.00500000000001,140,USDJPY,60
5,1742412057,1742412117,110.005,110.00699999999999,110.00399999999999,110.008,150,USDJPY,60
6,1742411997,1742412057,110.006,110.004,110.003,110.007,160,USDJPY,60
7,1742411937,1742411997,110.007,110.007,110.006,110.00800000000001,170,USDJPY,60
8,1742411877,1742411937,110.008,110.00999999999999,110.00699999999999,110.011,180,USDJPY,60
9,1742411817,1742411877,110.009,110.007,110.006,110.01,190,USDJPY,60
10,1742411757,1742411817,110.01,110.01,110.009,110.01100000000001,200,USDJPY,60
11,1742411697,1742411757,110.011,110.01299999999999,110.00999999999999,110.014,210,USDJPY,60
12,1742411637,1742411697,110.012,110.01,110.009,110.013,220,USDJPY,60
13,1742411577,1742411637,110.013,110.013,110.012,110.01400000000001,230,USDJPY,60
14,1742411517,1742411577,110.014,110.01599999999999,110.01299999999999,110.017,240,USDJPY,60
15,1742411457,1742411517,110.015,110.013,110.012,110.016,250,USDJPY,60
16,1742411397,1742411457,110.016,110.016,110.015,110.01700000000001,260,USDJPY,60
17,1742411337,1742411397,110.017,110.01899999999999,110.01599999999999,110.02,270,USDJPY,60
18,1742411277,1742411337,110.018,110.016,110.015,110.019,280,USDJPY,60
19,1742411217,1742411277,110.019,110.019,110.018,110.02000000000001,290,USDJPY,60
20,1742411157,1742411217,110.02,110.02199999999999,110.01899999999999,110.023,300,USDJPY,60
21,1742411097,1742411157,110.021,110.019,110.018,110.022,310,USDJPY,60
22,1742411037,1742411097,110.022,110.022,110.021,110.02300000000001,320,USDJPY,60
23,1742410977,1742411037,110.023,110.02499999999999,110.02199999999999,110.026,330,USDJPY,60
24,1742410917,1742410977,110.024,110.022,110.021,110.025,340,USDJPY,60
25,1742410857,1742410917,110.025,110.025,110.024,110.02600000000001,350,USDJPY,60
26,1742410797,1742410857,110.026,110.02799999999999,110.02499999999999,110.029,360,USDJPY,60
27,1742410737,1742410797,110.027,110.025,110.024,110.028,370,USDJPY,60
28,1742410677,1742410737,110.028,110.028,110.027,110.02900000000001,380,USDJPY,60
29,1742410617,1742410677,110.029,110.03099999999999,110.02799999999999,110.032,390,USDJPY,60
30,1742410557,1742410617,110.03,110.028,110.027,110.031,400,USDJPY,60
31,1742410497,1742410557,110.031,110.031,110.03,110.03200000000001,410,USDJPY,60
32,1742410437,1742410497,110.032,110.03399999999999,110.03099999999999,110.035,420,USDJPY,60
33,1742410377,1742410437,110.033,110.031,110.03,110.034,430,USDJPY,60
34,1742410317,1742410377,110.034,110.034,110.033,110.03500000000001,440,USDJPY,60
35,1742410257,1742410317,110.035,110.03699999999999,110.03399999999999,110.038,450,USDJPY,60
36,1742410197,1742410257,110.036,110.034,110.033,110.037,460,USDJPY,60
37,1742410137,1742410197,110.037,110.037,110.036,110.03800000000001,470,USDJPY,60
38,1742410077,1742410137,110.038,110.03999999999999,110.03699999999999,110.041,480,USDJPY,60
39,1742410017,1742410077,110.039,110.037,110.036,110.04,490,USDJPY,60
40,1742409957,1742410017,110.04,110.04,110.039,110.04100000000001,500,USDJPY,60
41,1742409897,1742409957,110.041,110.04299999999999,110.03999999999999,110.044,510,USDJPY,60
42,1742409837,1742409897,110.042,110.04,110.039,110.043,520,USDJPY,60
43,1742409777,1742409837,110.043,110.043,110.042,110.04400000000001,530,USDJPY,60
44,1742409717,1742409777,110.044,110.04599999999999,110.04299999999999,110.047,540,USDJPY,60
45,1742409657,1742409717,110.045,110.043,110.042,110.046,550,USDJPY,60
46,1742409597,1742409657,110.046,110.046,110.045,110.04700000000001,560,USDJPY,60
47,1742409537,1742409597,110.047,110.04899999999999,110.04599999999999,110.05,570,USDJPY,60
48,1742409477,1742409537,110.048,110.046,110.045,110.049,580,USDJPY,60
49,1742409417,1742409477,110.049,110.049,110.048,110.05000000000001,590,USDJPY,60
50,1742409357,1742409417,110.05,110.05199999999999,110.04899999999999,110.053,600,USDJPY,60
51,1742409297,1742409357,110.051,110.049,110.048,110.052,610,USDJPY,60
52,1742409237,1742409297,110.052,110.052,110.051,110.05300000000001,620,USDJPY,60
53,1742409177,1742409237,110.053,110.05499999999999,110.05199999999999,110.056,630,USDJPY,60
54,1742409117,1742409177,110.054,110.052,110.051,110.055,640,USDJPY,60
55,1742409057,1742409117,110.055,110.055,110.054,110.05600000000001,650,USDJPY,60
56,1742408997,1742409057,110.056,110.05799999999999,110.05499999999999,110.059,660,USDJPY,60
57,1742408937,1742408997,110.057,110.055,110.054,110.058,670,USDJPY,60
58,1742408877,1742408937,110.058,110.058,110.057,110.05900000000001,680,USDJPY,60
59,1742408817,1742408877,110.059,110.06099999999999,110.05799999999999,110.062,690,USDJPY,60
60,1742408757,1742408817,110.06,110.058,110.057,110.061,700,USDJPY,60
61,1742408697,1742408757,110.061,110.061,110.06,110.06200000000001,710,USDJPY,60
62,1742408637,1742408697,110.062,110.064,110.06099999999999,110.065,720,USDJPY,60
63,1742408577,1742408637,110.063,110.061,110.06,110.06400000000001,730,USDJPY,60
64,1742408517,1742408577,110.064,110.064,110.06299999999999,110.065,740,USDJPY,60
65,1742408457,1742408517,110.065,110.067,110.064,110.068,750,USDJPY,60
66,1742408397,1742408457,110.066,110.06400000000001,110.063,110.06700000000001,760,USDJPY,60
67,1742408337,1742408397,110.067,110.067,110.06599999999999,110.068,770,USDJPY,60
68,1742408277,1742408337,110.068,110.07,110.067,110.071,780,USDJPY,60
69,1742408217,1742408277,110.069,110.06700000000001,110.066,110.07000000000001,790,USDJPY,60
70,1742408157,1742408217,110.07,110.07,110.06899999999999,110.071,800,USDJPY,60
71,1742408097,1742408157,110.071,110.073,110.07,110.074,810,USDJPY,60
72,1742408037,1742408097,110.072,110.07000000000001,110.069,110.07300000000001,820,USDJPY,60
73,1742407977,1742408037,110.073,110.073,110.07199999999999,110.074,830,USDJPY,60
74,1742407917,1742407977,110.074,110.076,110.073,110.077,840,USDJPY,60
75,1742407857,1742407917,110.075,110.07300000000001,110.072,110.07600000000001,850,USDJPY,60
76,1742407797,1742407857,110.076,110.076,110.07499999999999,110.077,860,USDJPY,60
77,1742407737,1742407797,110.077,110.079,110.076,110.08,870,USDJPY,60
78,1742407677,1742407737,110.078,110.07600000000001,110.075,110.07900000000001,880,USDJPY,60
79,1742407617,1742407677,110.079,110.079,110.07799999999999,110.08,890,USDJPY,60
80,1742407557,1742407617,110.08,110.082,110.079,110.083,900,USDJPY,60
81,1742407497,1742407557,110.081,110.07900000000001,110.078,110.08200000000001,910,USDJPY,60
82,1742407437,1742407497,110.082,110.082,110.08099999999999,110.083,920,USDJPY,60
83,1742407377,1742407437,110.083,110.085,110.082,110.086,930,USDJPY,60
84,1742407317,1742407377,110.084,110.08200000000001,110.081,110.08500000000001,940,USDJPY,60
85,1742407257,1742407317,110.085,110.085,110.08399999999999,110.086,950,USDJPY,60
86,1742407197,1742407257,110.086,110.088,110.085,110.089,960,USDJPY,60
87,1742407137,1742407197,110.087,110.08500000000001,110.084,110.08800000000001,970,USDJPY,60
88,1742407077,1742407137,110.088,110.088,110.08699999999999,110.089,980,USDJPY,60
89,1742407017,1742407077,110.089,110.091,110.088,110.092,990,USDJPY,60
90,1742406957,1742407017,110.09,110.08800000000001,110.087,110.09100000000001,1000,USDJPY,60
91,1742406897,1742406957,110.091,110.091,110.08999999999999,110.092,1010,USDJPY,60
92,1742406837,1742406897,110.092,110.094,110.091,110.095,1020,USDJPY,60
93,1742406777,1742406837,110.093,110.09100000000001,110.09,110.09400000000001,1030,USDJPY,60
94,1742406717,1742406777,110.094,110.094,110.09299999999999,110.095,1040,USDJPY,60
95,1742406657,1742406717,110.095,110.097,110.094,110.098,1050,USDJPY,60
96,1742406597,1742406657,110.096,110.09400000000001,110.093,110.09700000000001,1060,USDJPY,60
97,1742406537,1742406597,110.097,110.097,110.09599999999999,110.098,1070,USDJPY,60
98,1742406477,1742406537,110.098,110.1,110.097,110.101,1080,USDJPY,60
99,1742406417,1742406477,110.099,110.09700000000001,110.096,110.10000000000001,1090,USDJPY,60
0,1742412357,1742412657,110.0,109.998,109.997,110.001,100,USDJPY,300
1,1742412057,1742412357,110.001,110.001,110.0,110.00200000000001,110,USDJPY,300
2,1742411757,1742412057,110.002,110.00399999999999,110.00099999999999,110.005,120,USDJPY,300
3,1742411457,1742411757,110.003,110.001,110.0,110.004,130,USDJPY,300
4,1742411157,1742411457,110.004,110.004,110.003,110.00500000000001,140,USDJPY,300
5,1742410857,1742411157,110.005,110.00699999999999,110.00399999999999,110.008,150,USDJPY,300
6,1742410557,1742410857,110.006,110.004,110.003,110.007,160,USDJPY,300
7,1742410257,1742410557,110.007,110.007,110.006,110.00800000000001,170,USDJPY,300
8,1742409957,1742410257,110.008,110.00999999999999,110.00699999999999,110.011,180,USDJPY,300
9,1742409657,1742409957,110.009,110.007,110.006,110.01,190,USDJPY,300
10,1742409357,1742409657,110.01,110.01,110.009,110.01100000000001,200,USDJPY,300
11,1742409057,1742409357,110.011,110.01299999999999,110.00999999999999,110.014,210,USDJPY,300
12,1742408757,1742409057,110.012,110.01,110.009,110.013,220,USDJPY,300
13,1742408457,1742408757,110.013,110.013,110.012,110.01400000000001,230,USDJPY,300
14,1742408157,1742408457,110.014,110.01599999999999,110.01299999999999,110.017,240,USDJPY,300
15,1742407857,1742408157,110.015,110.013,110.012,110.016,250,USDJPY,300
16,1742407557,1742407857,110.016,110.016,110.015,110.01700000000001,260,USDJPY,300
17,1742407257,1742407557,110.017,110.01899999999999,110.01599999999999,110.02,270,USDJPY,300
18,1742406957,1742407257,110.018,110.016,110.015,110.019,280,USDJPY,300
19,1742406657,1742406957,110.019,110.019,110.018,110.02000000000001,290,USDJPY,300
20,1742406357,1742406657,110.02,110.02199999999999,110.01899999999999,110.023,300,USDJPY,300
21,1742406057,1742406357,110.021,110.019,110.018,110.022,310,USDJPY,300
22,1742405757,1742406057,110.022,110.022,110.021,110.02300000000001,320,USDJPY,300
23,1742405457,1742405757,110.023,110.02499999999999,110.02199999999999,110.026,330,USDJPY,300
24,1742405157,1742405457,110.024,110.022,110.021,110.025,340,USDJPY,300
25,1742404857,1742405157,110.025,110.025,110.024,110.02600000000001,350,USDJPY,300
26,1742404557,1742404857,110.026,110.02799999999999,110.02499999999999,110.029,360,USDJPY,300
27,1742404257,1742404557,110.027,110.025,110.024,110.028,370,USDJPY,300
28,1742403957,1742404257,110.028,110.028,110.027,110.02900000000001,380,USDJPY,300
29,1742403657,1742403957,110.029,110.03099999999999,110.02799999999999,110.032,390,USDJPY,300
30,1742403357,1742403657,110.03,110.028,110.027,110.031,400,USDJPY,300
31,1742403057,1742403357,110.031,110.031,110.03,110.03200000000001,410,USDJPY,300
32,1742402757,1742403057,110.032,110.03399999999999,110.03099999999999,110.035,420,USDJPY,300
33,1742402457,1742402757,110.033,110.031,110.03,110.034,430,USDJPY,300
34,1742402157,1742402457,110.034,110.034,110.033,110.03500000000001,440,USDJPY,300
35,1742401857,1742402157,110.035,110.03699999999999,110.03399999999999,110.038,450,USDJPY,300
36,1742401557,1742401857,110.036,110.034,110.033,110.037,460,USDJPY,300
37,1742401257,1742401557,110.037,110.037,110.036,110.03800000000001,470,USDJPY,300
38,1742400957,1742401257,110.038,110.03999999999999,110.03699999999999,110.041,480,USDJPY,300
39,1742400657,1742400957,110.039,110.037,110.036,110.04,490,USDJPY,300
40,1742400357,1742400657,110.04,110.04,110.039,110.04100000000001,500,USDJPY,300
41,1742400057,1742400357,110.041,110.04299999999999,110.03999999999999,110.044,510,USDJPY,300
42,1742399757,1742400057,110.042,110.04,110.039,110.043,520,USDJPY,300
43,1742399457,1742399757,110.043,110.043,110.042,110.04400000000001,530,USDJPY,300
44,1742399157,1742399457,110.044,110.04599999999999,110.04299999999999,110.047,540,USDJPY,300
45,1742398857,1742399157,110.045,110.043,110.042,110.046,550,USDJPY,300
46,1742398557,1742398857,110.046,110.046,110.045,110.04700000000001,560,USDJPY,300
47,1742398257,1742398557,110.047,110.04899999999999,110.04599999999999,110.05,570,USDJPY,300
48,1742397957,1742398257,110.048,110.046,110.045,110.049,580,USDJPY,300
49,1742397657,1742397957,110.049,110.049,110.048,110.05000000000001,590,USDJPY,300
50,1742397357,1742397657,110.05,110.05199999999999,110.04899999999999,110.053,600,USDJPY,300
51,1742397057,1742397357,110.051,110.049,110.048,110.052,610,USDJPY,300
52,1742396757,1742397057,110.052,110.052,110.051,110.05300000000001,620,USDJPY,300
53,1742396457,1742396757,110.053,110.05499999999999,110.05199999999999,110.056,630,USDJPY,300
54,1742396157,1742396457,110.054,110.052,110.051,110.055,640,USDJPY,300
55,1742395857,1742396157,110.055,110.055,110.054,110.05600000000001,650,USDJPY,300
56,1742395557,1742395857,110.056,110.05799999999999,110.05499999999999,110.059,660,USDJPY,300
57,1742395257,1742395557,110.057,110.055,110.054,110.058,670,USDJPY,300
58,1742394957,1742395257,110.058,110.058,110.057,110.05900000000001,680,USDJPY,300
59,1742394657,1742394957,110.059,110.06099999999999,110.05799999999999,110.062,690,USDJPY,300
60,1742394357,1742394657,110.06,110.058,110.057,110.061,700,USDJPY,300
61,1742394057,1742394357,110.061,110.061,110.06,110.06200000000001,710,USDJPY,300
62,1742393757,1742394057,110.062,110.064,110.06099999999999,110.065,720,USDJPY,300
63,1742393457,1742393757,110.063,110.061,110.06,110.06400000000001,730,USDJPY,300
64,1742393157,1742393457,110.064,110.064,110.06299999999999,110.065,740,USDJPY,300
65,1742392857,1742393157,110.065,110.067,110.064,110.068,750,USDJPY,300
66,1742392557,1742392857,110.066,110.06400000000001,110.063,110.06700000000001,760,USDJPY,300
67,1742392257,1742392557,110.067,110.067,110.06599999999999,110.068,770,USDJPY,300
68,1742391957,1742392257,110.068,110.07,110.067,110.071,780,USDJPY,300
69,1742391657,1742391957,110.069,110.06700000000001,110.066,110.07000000000001,790,USDJPY,300
70,1742391357,1742391657,110.07,110.07,110.06899999999999,110.071,800,USDJPY,300
71,1742391057,1742391357,110.071,110.073,110.07,110.074,810,USDJPY,300
72,1742390757,1742391057,110.072,110.07000000000001,110.069,110.07300000000001,820,USDJPY,300
73,1742390457,1742390757,110.073,110.073,110.07199999999999,110.074,830,USDJPY,300
74,1742390157,1742390457,110.074,110.076,110.073,110.077,840,USDJPY,300
75,1742389857,1742390157,110.075,110.07300000000001,110.072,110.07600000000001,850,USDJPY,300
76,1742389557,1742389857,110.076,110.076,110.07499999999999,110.077,860,USDJPY,300
77,1742389257,1742389557,110.077,110.079,110.076,110.08,870,USDJPY,300
78,1742388957,1742389257,110.078,110.07600000000001,110.075,110.07900000000001,880,USDJPY,300
79,1742388657,1742388957,110.079,110.079,110.07799999999999,110.08,890,USDJPY,300
80,1742388357,1742388657,110.08,110.082,110.079,110.083,900,USDJPY,300
81,1742388057,1742388357,110.081,110.07900000000001,110.078,110.08200000000001,910,USDJPY,300
82,1742387757,1742388057,110.082,110.082,110.08099999999999,110.083,920,USDJPY,300
83,1742387457,1742387757,110.083,110.085,110.082,110.086,930,USDJPY,300
84,1742387157,1742387457,110.084,110.08200000000001,110.081,110.08500000000001,940,USDJPY,300
85,1742386857,1742387157,110.085,110.085,110.08399999999999,110.086,950,USDJPY,300
86,1742386557,1742386857,110.086,110.088,110.085,110.089,960,USDJPY,300
87,1742386257,1742386557,110.087,110.08500000000001,110.084,110.08800000000001,970,USDJPY,300
88,1742385957,1742386257,110.088,110.088,110.08699999999999,110.089,980,USDJPY,300
89,1742385657,1742385957,110.089,110.091,110.088,110.092,990,USDJPY,300
90,1742385357,1742385657,110.09,110.08800000000001,110.087,110.09100000000001,1000,USDJPY,300
91,1742385057,1742385357,110.091,110.091,110.08999999999999,110.092,1010,USDJPY,300
92,1742384757,1742385057,110.092,110.094,110.091,110.095,1020,USDJPY,300
93,1742384457,1742384757,110.093,110.09100000000001,110.09,110.09400000000001,1030,USDJPY,300
94,1742384157,1742384457,110.094,110.094,110.09299999999999,110.095,1040,USDJPY,300
95,1742383857,1742384157,110.095,110.097,110.094,110.098,1050,USDJPY,300
96,1742383557,1742383857,110.096,110.09400000000001,110.093,110.09700000000001,1060,USDJPY,300
97,1742383257,1742383557,110.097,110.097,110.09599999999999,110.098,1070,USDJPY,300
98,1742382957,1742383257,110.098,110.1,110.097,110.101,1080,USDJPY,300
99,1742382657,1742382957,110.099,110.09700000000001,110.096,110.10000000000001,1090,USDJPY,300
0,1742412357,1742413257,110.0,109.998,109.997,110.001,100,USDJPY,900
1,1742411457,1742412357,110.001,110.001,110.0,110.00200000000001,110,USDJPY,900
2,1742410557,1742411457,110.002,110.00399999999999,110.00099999999999,110.005,120,USDJPY,900
3,1742409657,1742410557,110.003,110.001,110.0,110.004,130,USDJPY,900
4,1742408757,1742409657,110.004,110.004,110.003,110.00500000000001,140,USDJPY,900
5,1742407857,1742408757,110.005,110.00699999999999,110.00399999999999,110.008,150,USDJPY,900
6,1742406957,1742407857,110.006,110.004,110.003,110.007,160,USDJPY,900
7,1742406057,1742406957,110.007,110.007,110.006,110.00800000000001,170,USDJPY,900
8,1742405157,1742406057,110.008,110.00999999999999,110.00699999999999,110.011,180,USDJPY,900
9,1742404257,1742405157,110.009,110.007,110.006,110.01,190,USDJPY,900
10,1742403357,1742404257,110.01,110.01,110.009,110.01100000000001,200,USDJPY,900
11,1742402457,1742403357,110.011,110.01299999999999,110.00999999999999,110.014,210,USDJPY,900
12,1742401557,1742402457,110.012,110.01,110.009,110.013,220,USDJPY,900
13,1742400657,1742401557,110.013,110.013,110.012,110.01400000000001,230,USDJPY,900
14,1742399757,1742400657,110.014,110.01599999999999,110.01299999999999,110.017,240,USDJPY,900
15,1742398857,1742399757,110.015,110.013,110.012,110.016,250,USDJPY,900
16,1742397957,1742398857,110.016,110.016,110.015,110.01700000000001,260,USDJPY,900
17,1742397057,1742397957,110.017,110.01899999999999,110.01599999999999,110.02,270,USDJPY,900
18,1742396157,1742397057,110.018,110.016,110.015,110.019,280,USDJPY,900
19,1742395257,1742396157,110.019,110.019,110.018,110.02000000000001,290,USDJPY,900
20,1742394357,1742395257,110.02,110.02199999999999,110.01899999999999,110.023,300,USDJPY,900
21,1742393457,1742394357,110.021,110.019,110.018,110.022,310,USDJPY,900
22,1742392557,1742393457,110.022,110.022,110.021,110.02300000000001,320,USDJPY,900
23,1742391657,1742392557,110.023,110.02499999999999,110.02199999999999,110.026,330,USDJPY,900
24,1742390757,1742391657,110.024,110.022,110.021,110.025,340,USDJPY,900
25,1742389857,1742390757,110.025,110.025,110.024,110.02600000000001,350,USDJPY,900
26,1742388957,1742389857,110.026,110.02799999999999,110.02499999999999,110.029,360,USDJPY,900
27,1742388057,1742388957,110.027,110.025,110.024,110.028,370,USDJPY,900
28,1742387157,1742388057,110.028,110.028,110.027,110.02900000000001,380,USDJPY,900
29,1742386257,1742387157,110.029,110.03099999999999,110.02799999999999,110.032,390,USDJPY,900
30,1742385357,1742386257,110.03,110.028,110.027,110.031,400,USDJPY,900
31,1742384457,1742385357,110.031,110.031,110.03,110.03200000000001,410,USDJPY,900
32,1742383557,1742384457,110.032,110.03399999999999,110.03099999999999,110.035,420,USDJPY,900
33,1742382657,1742383557,110.033,110.031,110.03,110.034,430,USDJPY,900
34,1742381757,1742382657,110.034,110.034,110.033,110.03500000000001,440,USDJPY,900
35,1742380857,1742381757,110.035,110.03699999999999,110.03399999999999,110.038,450,USDJPY,900
36,1742379957,1742380857,110.036,110.034,110.033,110.037,460,USDJPY,900
37,1742379057,1742379957,110.037,110.037,110.036,110.03800000000001,470,USDJPY,900
38,1742378157,1742379057,110.038,110.03999999999999,110.03699999999999,110.041,480,USDJPY,900
39,1742377257,1742378157,110.039,110.037,110.036,110.04,490,USDJPY,900
40,1742376357,1742377257,110.04,110.04,110.039,110.04100000000001,500,USDJPY,900
41,1742375457,1742376357,110.041,110.04299999999999,110.03999999999999,110.044,510,USDJPY,900
42,1742374557,1742375457,110.042,110.04,110.039,110.043,520,USDJPY,900
43,1742373657,1742374557,110.043,110.043,110.042,110.04400000000001,530,USDJPY,900
44,1742372757,1742373657,110.044,110.04599999999999,110.04299999999999,110.047,540,USDJPY,900
45,1742371857,1742372757,110.045,110.043,110.042,110.046,550,USDJPY,900
46,1742370957,1742371857,110.046,110.046,110.045,110.04700000000001,560,USDJPY,900
47,1742370057,1742370957,110.047,110.04899999999999,110.04599999999999,110.05,570,USDJPY,900
48,1742369157,1742370057,110.048,110.046,110.045,110.049,580,USDJPY,900
49,1742368257,1742369157,110.049,110.049,110.048,110.05000000000001,590,USDJPY,900
50,1742367357,1742368257,110.05,110.05199999999999,110.04899999999999,110.053,600,USDJPY,900
51,1742366457,1742367357,110.051,110.049,110.048,110.052,610,USDJPY,900
52,1742365557,1742366457,110.052,110.052,110.051,110.05300000000001,620,USDJPY,900
53,1742364657,1742365557,110.053,110.05499999999999,110.05199999999999,110.056,630,USDJPY,900
54,1742363757,1742364657,110.054,110.052,110.051,110.055,640,USDJPY,900
55,1742362857,1742363757,110.055,110.055,110.054,110.05600000000001,650,USDJPY,900
56,1742361957,1742362857,110.056,110.05799999999999,110.05499999999999,110.059,660,USDJPY,900
57,1742361057,1742361957,110.057,110.055,110.054,110.058,670,USDJPY,900
58,1742360157,1742361057,110.058,110.058,110.057,110.05900000000001,680,USDJPY,900
59,1742359257,1742360157,110.059,110.06099999999999,110.05799999999999,110.062,690,USDJPY,900
60,1742358357,1742359257,110.06,110.058,110.057,110.061,700,USDJPY,900
61,1742357457,1742358357,110.061,110.061,110.06,110.06200000000001,710,USDJPY,900
62,1742356557,1742357457,110.062,110.064,110.06099999999999,110.065,720,USDJPY,900
63,1742355657,1742356557,110.063,110.061,110.06,110.06400000000001,730,USDJPY,900
64,1742354757,1742355657,110.064,110.064,110.06299999999999,110.065,740,USDJPY,900
65,1742353857,1742354757,110.065,110.067,110.064,110.068,750,USDJPY,900
66,1742352957,1742353857,110.066,110.06400000000001,110.063,110.06700000000001,760,USDJPY,900
67,1742352057,1742352957,110.067,110.067,110.06599999999999,110.068,770,USDJPY,900
68,1742351157,1742352057,110.068,110.07,110.067,110.071,780,USDJPY,900
69,1742350257,1742351157,110.069,110.06700000000001,110.066,110.07000000000001,790,USDJPY,900
70,1742349357,1742350257,110.07,110.07,110.06899999999999,110.071,800,USDJPY,900
71,1742348457,1742349357,110.071,110.073,110.07,110.074,810,USDJPY,900
72,1742347557,1742348457,110.072,110.07000000000001,110.069,110.07300000000001,820,USDJPY,900
73,1742346657,1742347557,110.073,110.073,110.07199999999999,110.074,830,USDJPY,900
74,1742345757,1742346657,110.074,110.076,110.073,110.077,840,USDJPY,900
75,1742344857,1742345757,110.075,110.07300000000001,110.072,110.07600000000001,850,USDJPY,900
76,1742343957,1742344857,110.076,110.076,110.07499999999999,110.077,860,USDJPY,900
77,1742343057,1742343957,110.077,110.079,110.076,110.08,870,USDJPY,900
78,1742342157,1742343057,110.078,110.07600000000001,110.075,110.07900000000001,880,USDJPY,900
79,1742341257,1742342157,110.079,110.079,110.07799999999999,110.08,890,USDJPY,900
80,1742340357,1742341257,110.08,110.082,110.079,110.083,900,USDJPY,900
81,1742339457,1742340357,110.081,110.07900000000001,110.078,110.08200000000001,910,USDJPY,900
82,1742338557,1742339457,110.082,110.082,110.08099999999999,110.083,920,USDJPY,900
83,1742337657,1742338557,110.083,110.085,110.082,110.086,930,USDJPY,900
84,1742336757,1742337657,110.084,110.08200000000001,110.081,110.08500000000001,940,USDJPY,900
85,1742335857,1742336757,110.085,110.085,110.08399999999999,110.086,950,USDJPY,900
86,1742334957,1742335857,110.086,110.088,110.085,110.089,960,USDJPY,900
87,1742334057,1742334957,110.087,110.08500000000001,110.084,110.08800000000001,970,USDJPY,900
88,1742333157,1742334057,110.088,110.088,110.08699999999999,110.089,980,USDJPY,900
89,1742332257,1742333157,110.089,110.091,110.088,110.092,990,USDJPY,900
90,1742331357,1742332257,110.09,110.08800000000001,110.087,110.09100000000001,1000,USDJPY,900
91,1742330457,1742331357,110.091,110.091,110.08999999999999,110.092,1010,USDJPY,900
92,1742329557,1742330457,110.092,110.094,110.091,110.095,1020,USDJPY,900
93,1742328657,1742329557,110.093,110.09100000000001,110.09,110.09400000000001,1030,USDJPY,900
94,1742327757,1742328657,110.094,110.094,110.09299999999999,110.095,1040,USDJPY,900
95,1742326857,1742327757,110.095,110.097,110.094,110.098,1050,USDJPY,900
96,1742325957,1742326857,110.096,110.09400000000001,110.093,110.09700000000001,1060,USDJPY,900
97,1742325057,1742325957,110.097,110.097,110.09599999999999,110.098,1070,USDJPY,900
98,1742324157,1742325057,110.098,110.1,110.097,110.101,1080,USDJPY,900
99,1742323257,1742324157,110.099,110.09700000000001,110.096,110.10000000000001,1090,USDJPY,900
